create database bus;
use bus;
create table buses(source char(50),destination char(50),busroute char(50),fare int(11));
create table info_form(fullname char(100),age char(30),mobileno char(30));
create table payment(cardno char(40),date date,securityno char(30),name char(30),address char(100));
create table routes(source char(50),hyderabad char(50),tirupathi char(50),warangal char(50));
create table seat(seats int(20),bus char(30));
create table status(status int(11),seatno int(11));
create table status1(status1 int(11),seatno1 int(11));
create table status2(status2 int(11),seatno2 int(11));
create table status3(status3 int(11),seatno3 int(11));
create table status4(status4 int(11),seatno4 int(11));
create table status5(status5 int(11),seatno5 int(11));
create table user(username char(50),password char(50));
insert into routes values('hyderabad',NULL,'hyd-tiru','hyd-war');
insert into routes values('tirupathi','tiru-hyd',NULL,'tiru-war');
insert into routes values('warangal','war-hyd','war-tiru',NULL);
insert into seat values(4,'hyd-tiru');
insert into seat values(4,'hyd-war');
insert into seat values(4,'tiru-war');
insert into seat values(4,'tiru-hyd');
insert into seat values(4,'war-hyd');
insert into seat values(4,'war-tiru');
insert into status values(0,1);
insert into status values(0,2);
insert into status values(0,3);
insert into status values(0,4);
insert into status1 values(0,1);
insert into status1 values(0,2);
insert into status1 values(0,3);
insert into status1 values(0,4);
insert into status2 values(0,1);
insert into status2 values(0,2);
insert into status2 values(0,3);
insert into status2 values(0,4);
insert into status3 values(0,1);
insert into status3 values(0,2);
insert into status3 values(0,3);
insert into status3 values(0,4);
insert into status4 values(0,1);
insert into status4 values(0,2);
insert into status4 values(0,3);
insert into status4 values(0,4);
insert into status5 values(0,1);
insert into status5 values(0,2);
insert into status5 values(0,3);
insert into status5 values(0,4);
insert into buses values('hyderabad','hyderabad','---',NULL);
insert into buses values('hyderabad','tirupathi','hyd-tiru',250);
insert into buses values('hyderabad','warangal','hyd-war',200);
insert into buses values('tirupathi','hyderabad','tiru-hyd',250);
insert into buses values('tirupathi','tirupathi','---',NULL);
insert into buses values('tirupathi','warangal','tiru-war',300);
insert into buses values('warangal','hyderabad','war-hyd',200);
insert into buses values('warangal','tirupathi','war-tiru',300);
insert into buses values('warangal','warangal','---',NULL);
